label,class,image,enhancement,input_path,enhanced_path,figure_path,A_autocorr_peak,A_autocorr_tau,A_fft_peakiness_1d,A_cepstrum_peak,A_cepstrum_q,C_autocorr_peak,C_autocorr_tau,C_fft_peakiness_1d,C_cepstrum_peak,C_cepstrum_q,Lap_acf2d_peak_ratio,Lap_spectral_peakiness_topk_over_median,Lap_spectral_entropy_norm,Lap_spectral_flatness,Lap_orientation_coherence,Lap_wavelet_dir_ratio,Lap_row_banding_psd_peak,Lap_col_banding_psd_peak,FINAL_combo_score,tau_min,tau_max_frac
0,Real,Real11,white-tophat,/home/azhar/azhar/kyc/pad/Presentation-Attack-detection-using-image-preprocessing/Real/Real11.jpg,/home/azhar/azhar/kyc/pad/Presentation-Attack-detection-using-image-preprocessing/autocorr-pipeline_output/Real/Real11/white-tophat-enhanced.png,/home/azhar/azhar/kyc/pad/Presentation-Attack-detection-using-image-preprocessing/autocorr-pipeline_output/Real/Real11/white-tophat-result.png,0.8065984622331916,2,722.5399360337893,0.0500709834781389,3,0.20057600733495756,6,55.081420225503905,0.022674752462651354,35,0.31014588740547094,79.34259406365925,0.9127387434982015,0.3920989927250494,1.508644938468933,0.4157843551500309,0.5505041573312529,0.5279165432271774,16.298139090061625,2,0.25
0,Real,Real11,black-tophat,/home/azhar/azhar/kyc/pad/Presentation-Attack-detection-using-image-preprocessing/Real/Real11.jpg,/home/azhar/azhar/kyc/pad/Presentation-Attack-detection-using-image-preprocessing/autocorr-pipeline_output/Real/Real11/black-tophat-enhanced.png,/home/azhar/azhar/kyc/pad/Presentation-Attack-detection-using-image-preprocessing/autocorr-pipeline_output/Real/Real11/black-tophat-result.png,0.8557305469436373,2,835.8431847998398,0.18656615043772684,2,0.240544691542297,6,60.208472594953314,0.03964298409593103,6,0.32358080424297153,72.97914980841809,0.9161373014863506,0.3993197685185636,1.5630050897598267,0.40799760530242957,0.5737572325772221,0.5301223540680444,15.049156737034693,2,0.25
0,Real,Real11,reconstruction,/home/azhar/azhar/kyc/pad/Presentation-Attack-detection-using-image-preprocessing/Real/Real11.jpg,/home/azhar/azhar/kyc/pad/Presentation-Attack-detection-using-image-preprocessing/autocorr-pipeline_output/Real/Real11/reconstruction-enhanced.png,/home/azhar/azhar/kyc/pad/Presentation-Attack-detection-using-image-preprocessing/autocorr-pipeline_output/Real/Real11/reconstruction-result.png,0.9772279329314534,2,34183.95307224499,0.2409223705778698,2,0.21194378186296886,2,41.280123666217804,0.016730089205518085,8,0.3198493234107357,78.41246534569648,0.9032415197484349,0.3390146419059028,1.7744975090026855,0.4619892879389301,0.527692749227258,0.48058776341656095,16.15919643227682,2,0.25
0,Real,Real11,granulometry,/home/azhar/azhar/kyc/pad/Presentation-Attack-detection-using-image-preprocessing/Real/Real11.jpg,/home/azhar/azhar/kyc/pad/Presentation-Attack-detection-using-image-preprocessing/autocorr-pipeline_output/Real/Real11/granulometry-enhanced.png,/home/azhar/azhar/kyc/pad/Presentation-Attack-detection-using-image-preprocessing/autocorr-pipeline_output/Real/Real11/granulometry-result.png,0.48913340208687206,2,49.716969178428776,0.07689365765161293,2,0.2885791993113254,2,17.62415129994207,0.07404315170367583,2,0.23817614636623408,57.763124947601064,0.9246592351629196,0.43053728690654286,1.7035459280014038,0.4308259563985887,0.4493333254518888,0.5314274528020756,12.018472988653803,2,0.25
0,Real,Real12,white-tophat,/home/azhar/azhar/kyc/pad/Presentation-Attack-detection-using-image-preprocessing/Real/Real12.jpg,/home/azhar/azhar/kyc/pad/Presentation-Attack-detection-using-image-preprocessing/autocorr-pipeline_output/Real/Real12/white-tophat-enhanced.png,/home/azhar/azhar/kyc/pad/Presentation-Attack-detection-using-image-preprocessing/autocorr-pipeline_output/Real/Real12/white-tophat-result.png,0.8491540750960728,2,1174.1301491724698,0.11675335222356846,3,0.5111844206498734,2,174.49230284245405,0.0555538226741534,2,0.41472801856251973,152.6876413589196,0.8826430478855598,0.26806965268697347,1.6545106172561646,0.4436886978911922,0.4793221747496819,0.6567273511069794,31.09357048061577,2,0.25
0,Real,Real12,black-tophat,/home/azhar/azhar/kyc/pad/Presentation-Attack-detection-using-image-preprocessing/Real/Real12.jpg,/home/azhar/azhar/kyc/pad/Presentation-Attack-detection-using-image-preprocessing/autocorr-pipeline_output/Real/Real12/black-tophat-enhanced.png,/home/azhar/azhar/kyc/pad/Presentation-Attack-detection-using-image-preprocessing/autocorr-pipeline_output/Real/Real12/black-tophat-result.png,0.8927638652703069,2,1120.9771821487764,0.1835536090744429,3,0.49470758650930424,2,97.07302608351263,0.08727998311127774,2,0.45052057095215037,204.05688912378722,0.8658690162679051,0.22904834317911527,1.6221851110458374,0.44435806428560604,0.5497465581206303,0.6459847605198015,41.370106415250554,2,0.25
0,Real,Real12,reconstruction,/home/azhar/azhar/kyc/pad/Presentation-Attack-detection-using-image-preprocessing/Real/Real12.jpg,/home/azhar/azhar/kyc/pad/Presentation-Attack-detection-using-image-preprocessing/autocorr-pipeline_output/Real/Real12/reconstruction-enhanced.png,/home/azhar/azhar/kyc/pad/Presentation-Attack-detection-using-image-preprocessing/autocorr-pipeline_output/Real/Real12/reconstruction-result.png,0.9953443376183005,2,399227.0262563262,0.27478898750612213,2,0.47995268265410346,2,168.83253045188167,0.07806174626184798,2,0.45053882262130096,242.25906838884032,0.8595666961111748,0.20214424842616283,1.764583706855774,0.48527730307240247,0.38347723193054556,0.5472311265775285,49.01494331548615,2,0.25
0,Real,Real12,granulometry,/home/azhar/azhar/kyc/pad/Presentation-Attack-detection-using-image-preprocessing/Real/Real12.jpg,/home/azhar/azhar/kyc/pad/Presentation-Attack-detection-using-image-preprocessing/autocorr-pipeline_output/Real/Real12/granulometry-enhanced.png,/home/azhar/azhar/kyc/pad/Presentation-Attack-detection-using-image-preprocessing/autocorr-pipeline_output/Real/Real12/granulometry-result.png,0.8388935410292742,2,722.1026194787531,0.19053929106009682,2,0.5438269348722985,2,170.35510611521332,0.06655404284128139,2,0.35299151374598237,162.7873370909334,0.8894016443598324,0.3012851472575572,1.7841275930404663,0.44766683329095913,0.46407494034525393,0.6133852274550563,33.13235754202996,2,0.25
0,Real,Real13,white-tophat,/home/azhar/azhar/kyc/pad/Presentation-Attack-detection-using-image-preprocessing/Real/Real13.jpg,/home/azhar/azhar/kyc/pad/Presentation-Attack-detection-using-image-preprocessing/autocorr-pipeline_output/Real/Real13/white-tophat-enhanced.png,/home/azhar/azhar/kyc/pad/Presentation-Attack-detection-using-image-preprocessing/autocorr-pipeline_output/Real/Real13/white-tophat-result.png,0.7859660867531432,2,614.5666856753586,0.11536134150222463,2,0.43074630034309364,2,71.11125815157594,0.04526241944392993,3,0.3295239051226541,85.17671873999541,0.9152330291038049,0.39828165059146176,1.4912543296813965,0.3625513388672081,0.40599146469250974,0.3611404353810029,17.51453865367859,2,0.25
0,Real,Real13,black-tophat,/home/azhar/azhar/kyc/pad/Presentation-Attack-detection-using-image-preprocessing/Real/Real13.jpg,/home/azhar/azhar/kyc/pad/Presentation-Attack-detection-using-image-preprocessing/autocorr-pipeline_output/Real/Real13/black-tophat-enhanced.png,/home/azhar/azhar/kyc/pad/Presentation-Attack-detection-using-image-preprocessing/autocorr-pipeline_output/Real/Real13/black-tophat-result.png,0.8476955367251072,2,1997.0297893631307,0.12860827040563397,2,0.357478816610773,2,89.55902762823742,0.03481956682047567,39,0.34507669642630223,90.24677466180378,0.9115208707621056,0.3850846548423357,1.51399827003479,0.3591718035134972,0.409149323800124,0.35666881641242665,18.512291935044516,2,0.25
0,Real,Real13,reconstruction,/home/azhar/azhar/kyc/pad/Presentation-Attack-detection-using-image-preprocessing/Real/Real13.jpg,/home/azhar/azhar/kyc/pad/Presentation-Attack-detection-using-image-preprocessing/autocorr-pipeline_output/Real/Real13/reconstruction-enhanced.png,/home/azhar/azhar/kyc/pad/Presentation-Attack-detection-using-image-preprocessing/autocorr-pipeline_output/Real/Real13/reconstruction-result.png,0.9734661182849366,2,30604.086281197608,0.17347933243567676,2,0.3367571534048029,2,61.05842621317746,0.04583708727943671,2,0.3221239421200743,77.97721852084996,0.9146018177926851,0.3785976839587868,1.584847092628479,0.4017553868607488,0.4437481665724566,0.3306802428477216,16.067066860747037,2,0.25
0,Real,Real13,granulometry,/home/azhar/azhar/kyc/pad/Presentation-Attack-detection-using-image-preprocessing/Real/Real13.jpg,/home/azhar/azhar/kyc/pad/Presentation-Attack-detection-using-image-preprocessing/autocorr-pipeline_output/Real/Real13/granulometry-enhanced.png,/home/azhar/azhar/kyc/pad/Presentation-Attack-detection-using-image-preprocessing/autocorr-pipeline_output/Real/Real13/granulometry-result.png,0.7115735172004338,2,291.85798887574197,0.19920716034196512,2,0.4212779648341344,2,95.7736497171369,0.09138234310813867,15,0.2891277205240077,70.57268696913225,0.9212951927517737,0.41913519596115667,1.7475440502166748,0.4321593848462051,0.39917706621784205,0.257668749225913,14.629555193994197,2,0.25
0,Real,Real14,white-tophat,/home/azhar/azhar/kyc/pad/Presentation-Attack-detection-using-image-preprocessing/Real/Real14.jpg,/home/azhar/azhar/kyc/pad/Presentation-Attack-detection-using-image-preprocessing/autocorr-pipeline_output/Real/Real14/white-tophat-enhanced.png,/home/azhar/azhar/kyc/pad/Presentation-Attack-detection-using-image-preprocessing/autocorr-pipeline_output/Real/Real14/white-tophat-result.png,0.7533863094559439,2,273.934633639562,0.08665750810904121,3,0.37660046377965034,2,45.17771942500661,0.0465258376893726,2,0.35762578367683234,120.17705464614708,0.8998961666546696,0.36693897203136916,1.5045329332351685,0.38341871975485614,0.5641129121409795,0.46590341542263863,24.5224680390897,2,0.25
0,Real,Real14,black-tophat,/home/azhar/azhar/kyc/pad/Presentation-Attack-detection-using-image-preprocessing/Real/Real14.jpg,/home/azhar/azhar/kyc/pad/Presentation-Attack-detection-using-image-preprocessing/autocorr-pipeline_output/Real/Real14/black-tophat-enhanced.png,/home/azhar/azhar/kyc/pad/Presentation-Attack-detection-using-image-preprocessing/autocorr-pipeline_output/Real/Real14/black-tophat-result.png,0.7667579644979612,2,745.9314637828649,0.12549022757834952,3,0.432961596946199,2,48.87622723217234,0.029938852664422845,2,0.3547998994889924,94.52734915053651,0.9052355067442036,0.37067507294793656,1.4692034721374512,0.37331144639461006,0.5695914302453384,0.48169838382132873,19.403249102599126,2,0.25
0,Real,Real14,reconstruction,/home/azhar/azhar/kyc/pad/Presentation-Attack-detection-using-image-preprocessing/Real/Real14.jpg,/home/azhar/azhar/kyc/pad/Presentation-Attack-detection-using-image-preprocessing/autocorr-pipeline_output/Real/Real14/reconstruction-enhanced.png,/home/azhar/azhar/kyc/pad/Presentation-Attack-detection-using-image-preprocessing/autocorr-pipeline_output/Real/Real14/reconstruction-result.png,0.9798422647294565,2,37374.33378686481,0.15474436730438734,2,0.42102542862326714,2,29.701746712213453,0.08366957247172446,2,0.3527216888465005,120.66845543716585,0.9008909073617576,0.355882222067978,1.6289211511611938,0.4291896233658284,0.5742115139546922,0.4066194094319533,24.657585255753357,2,0.25
0,Real,Real14,granulometry,/home/azhar/azhar/kyc/pad/Presentation-Attack-detection-using-image-preprocessing/Real/Real14.jpg,/home/azhar/azhar/kyc/pad/Presentation-Attack-detection-using-image-preprocessing/autocorr-pipeline_output/Real/Real14/granulometry-enhanced.png,/home/azhar/azhar/kyc/pad/Presentation-Attack-detection-using-image-preprocessing/autocorr-pipeline_output/Real/Real14/granulometry-result.png,0.6866654580415137,2,64.18495716692115,0.2820128470092459,2,0.44460442288782537,2,44.85949282564634,0.0009026412310306556,2,0.2808310367312268,89.94008029267246,0.9081669357245719,0.38518217389943465,1.840114712715149,0.4475447037640039,0.571716795471795,0.3352214769755713,18.54146539774138,2,0.25
0,Real,Real15,white-tophat,/home/azhar/azhar/kyc/pad/Presentation-Attack-detection-using-image-preprocessing/Real/Real15.jpg,/home/azhar/azhar/kyc/pad/Presentation-Attack-detection-using-image-preprocessing/autocorr-pipeline_output/Real/Real15/white-tophat-enhanced.png,/home/azhar/azhar/kyc/pad/Presentation-Attack-detection-using-image-preprocessing/autocorr-pipeline_output/Real/Real15/white-tophat-result.png,0.9235778402531339,2,3821.292068516076,0.10573822566912652,2,0.40599521828110235,2,41.4151718953933,0.046524173336781535,84,0.3365607348071261,101.46927110437241,0.9014555696959532,0.3481648586819077,1.6253902912139893,0.4244562016502712,0.4220161556518974,0.38294475234123304,20.7945926759922,2,0.25
0,Real,Real15,black-tophat,/home/azhar/azhar/kyc/pad/Presentation-Attack-detection-using-image-preprocessing/Real/Real15.jpg,/home/azhar/azhar/kyc/pad/Presentation-Attack-detection-using-image-preprocessing/autocorr-pipeline_output/Real/Real15/black-tophat-enhanced.png,/home/azhar/azhar/kyc/pad/Presentation-Attack-detection-using-image-preprocessing/autocorr-pipeline_output/Real/Real15/black-tophat-result.png,0.7486098300503446,2,433.75159832200234,0.06091634244379182,3,0.4342186534898084,2,39.45327390192578,0.0830468379080594,2,0.3477873387822531,106.6740263176757,0.8982210453267137,0.3443127557472627,1.6126904487609863,0.415740177617966,0.3871213579936404,0.36248797853744336,21.83942868127473,2,0.25
0,Real,Real15,reconstruction,/home/azhar/azhar/kyc/pad/Presentation-Attack-detection-using-image-preprocessing/Real/Real15.jpg,/home/azhar/azhar/kyc/pad/Presentation-Attack-detection-using-image-preprocessing/autocorr-pipeline_output/Real/Real15/reconstruction-enhanced.png,/home/azhar/azhar/kyc/pad/Presentation-Attack-detection-using-image-preprocessing/autocorr-pipeline_output/Real/Real15/reconstruction-result.png,0.9824039474688923,2,39973.17453587802,0.14459032539344205,2,0.4938275240097968,2,47.88676924742472,0.13755016967125872,2,0.3601464162942879,106.54760916702531,0.8926284767059672,0.31537764681660085,1.6266480684280396,0.44862164695429607,0.4485401363251648,0.48272513938234324,21.8454054416443,2,0.25
0,Real,Real15,granulometry,/home/azhar/azhar/kyc/pad/Presentation-Attack-detection-using-image-preprocessing/Real/Real15.jpg,/home/azhar/azhar/kyc/pad/Presentation-Attack-detection-using-image-preprocessing/autocorr-pipeline_output/Real/Real15/granulometry-enhanced.png,/home/azhar/azhar/kyc/pad/Presentation-Attack-detection-using-image-preprocessing/autocorr-pipeline_output/Real/Real15/granulometry-result.png,0.8444254078542502,2,1026.7654707345928,0.11508232847031943,2,0.3934029333046304,2,57.063128855398126,0.015617846064382664,21,0.2636441469901074,88.75389957807778,0.9105670768350214,0.38117063953082775,1.7901594638824463,0.45891434794021346,0.46618142590192674,0.2795913682417493,18.269380914622044,2,0.25
0,Real,Real16,white-tophat,/home/azhar/azhar/kyc/pad/Presentation-Attack-detection-using-image-preprocessing/Real/Real16.jpg,/home/azhar/azhar/kyc/pad/Presentation-Attack-detection-using-image-preprocessing/autocorr-pipeline_output/Real/Real16/white-tophat-enhanced.png,/home/azhar/azhar/kyc/pad/Presentation-Attack-detection-using-image-preprocessing/autocorr-pipeline_output/Real/Real16/white-tophat-result.png,0.910466813082118,2,2003.503147560687,0.0667455420531297,4,0.5246449720486378,2,132.20458962258468,0.09284846962508275,2,0.33833077677591644,74.02932365568905,0.9155640857229163,0.38872678722145476,1.517767310142517,0.41262731802912506,0.4662268506111522,0.6330094222558076,15.329558352654196,2,0.25
0,Real,Real16,black-tophat,/home/azhar/azhar/kyc/pad/Presentation-Attack-detection-using-image-preprocessing/Real/Real16.jpg,/home/azhar/azhar/kyc/pad/Presentation-Attack-detection-using-image-preprocessing/autocorr-pipeline_output/Real/Real16/black-tophat-enhanced.png,/home/azhar/azhar/kyc/pad/Presentation-Attack-detection-using-image-preprocessing/autocorr-pipeline_output/Real/Real16/black-tophat-result.png,0.7926987307068559,2,437.8663149764443,0.06514679322310454,5,0.6647623813840976,2,156.49313007268887,0.15149134341564705,2,0.3384473961985369,90.26507436914294,0.913730940356623,0.38506528742351204,1.5051623582839966,0.40114376804692087,0.5395717146317852,0.6263587624022275,18.62305659968407,2,0.25
0,Real,Real16,reconstruction,/home/azhar/azhar/kyc/pad/Presentation-Attack-detection-using-image-preprocessing/Real/Real16.jpg,/home/azhar/azhar/kyc/pad/Presentation-Attack-detection-using-image-preprocessing/autocorr-pipeline_output/Real/Real16/reconstruction-enhanced.png,/home/azhar/azhar/kyc/pad/Presentation-Attack-detection-using-image-preprocessing/autocorr-pipeline_output/Real/Real16/reconstruction-result.png,0.9877188310019168,2,53805.340104414674,0.14777830826283012,3,0.6913290468889077,2,192.9235672182611,0.131097141428099,2,0.2811564231356974,63.620047181103665,0.9165875735649319,0.38067247233810886,1.6870447397232056,0.44001817825286954,0.46138556276589254,0.6872129730333689,13.316778698818117,2,0.25
0,Real,Real16,granulometry,/home/azhar/azhar/kyc/pad/Presentation-Attack-detection-using-image-preprocessing/Real/Real16.jpg,/home/azhar/azhar/kyc/pad/Presentation-Attack-detection-using-image-preprocessing/autocorr-pipeline_output/Real/Real16/granulometry-enhanced.png,/home/azhar/azhar/kyc/pad/Presentation-Attack-detection-using-image-preprocessing/autocorr-pipeline_output/Real/Real16/granulometry-result.png,0.8887033467771448,2,2038.6652193401915,0.1101171968609344,2,0.42362794419298067,10,153.3021228767918,0.06678473014576489,9,0.27511671373943986,71.53304400323645,0.9176151447449318,0.4065380680492633,1.638980507850647,0.4453772737979996,0.4748314401690923,0.5008269103237428,14.812832638540407,2,0.25
0,Real,Real17,white-tophat,/home/azhar/azhar/kyc/pad/Presentation-Attack-detection-using-image-preprocessing/Real/Real17.jpg,/home/azhar/azhar/kyc/pad/Presentation-Attack-detection-using-image-preprocessing/autocorr-pipeline_output/Real/Real17/white-tophat-enhanced.png,/home/azhar/azhar/kyc/pad/Presentation-Attack-detection-using-image-preprocessing/autocorr-pipeline_output/Real/Real17/white-tophat-result.png,0.8952633618680454,2,1169.4603045765818,0.20766233471818082,3,0.4928765755076221,3,190.51177087154488,0.05039812013190588,45,0.42183258987132854,112.06602283665626,0.9104480488515879,0.40202954250786177,1.2942380905151367,0.37097977581150454,0.32457821350754346,0.7687746979316117,22.888033940973415,2,0.25
0,Real,Real17,black-tophat,/home/azhar/azhar/kyc/pad/Presentation-Attack-detection-using-image-preprocessing/Real/Real17.jpg,/home/azhar/azhar/kyc/pad/Presentation-Attack-detection-using-image-preprocessing/autocorr-pipeline_output/Real/Real17/black-tophat-enhanced.png,/home/azhar/azhar/kyc/pad/Presentation-Attack-detection-using-image-preprocessing/autocorr-pipeline_output/Real/Real17/black-tophat-result.png,0.9228449949758623,2,2344.4885390962672,0.187588109649308,3,0.485120751931715,3,157.82996550619384,0.02798627683047973,3,0.44913521087018465,128.64773165337832,0.9059572341015583,0.39400197118400565,1.262969732284546,0.3683478732694085,0.35308267060036036,0.7718194668054723,26.204041352115365,2,0.25
0,Real,Real17,reconstruction,/home/azhar/azhar/kyc/pad/Presentation-Attack-detection-using-image-preprocessing/Real/Real17.jpg,/home/azhar/azhar/kyc/pad/Presentation-Attack-detection-using-image-preprocessing/autocorr-pipeline_output/Real/Real17/reconstruction-enhanced.png,/home/azhar/azhar/kyc/pad/Presentation-Attack-detection-using-image-preprocessing/autocorr-pipeline_output/Real/Real17/reconstruction-result.png,0.9693200540398698,2,13485.990408107717,0.23114496805301296,3,0.5448055041622532,3,219.3447041605235,0.0618441030164617,2,0.4130410560894033,94.19742709938016,0.9126516795818059,0.39833248739118815,1.4945672750473022,0.39275381059303854,0.3228703261521992,0.7811453674158969,19.360630734469737,2,0.25
0,Real,Real17,granulometry,/home/azhar/azhar/kyc/pad/Presentation-Attack-detection-using-image-preprocessing/Real/Real17.jpg,/home/azhar/azhar/kyc/pad/Presentation-Attack-detection-using-image-preprocessing/autocorr-pipeline_output/Real/Real17/granulometry-enhanced.png,/home/azhar/azhar/kyc/pad/Presentation-Attack-detection-using-image-preprocessing/autocorr-pipeline_output/Real/Real17/granulometry-result.png,0.9137139868622448,2,1665.5040245073144,0.19311476489026067,2,0.6542063115280062,2,358.624412735028,0.15612359830366446,2,0.34931027237349754,76.67024288125492,0.9183655386557132,0.4165111016139098,1.5493578910827637,0.42722989864577937,0.33657426325092904,0.7942998898462681,15.891491110417498,2,0.25
0,Real,Real18,white-tophat,/home/azhar/azhar/kyc/pad/Presentation-Attack-detection-using-image-preprocessing/Real/Real18.jpg,/home/azhar/azhar/kyc/pad/Presentation-Attack-detection-using-image-preprocessing/autocorr-pipeline_output/Real/Real18/white-tophat-enhanced.png,/home/azhar/azhar/kyc/pad/Presentation-Attack-detection-using-image-preprocessing/autocorr-pipeline_output/Real/Real18/white-tophat-result.png,0.7800582081524282,4,444.80201806279905,0.22725374124820952,4,0.8941848579814038,2,418.9557927408669,0.25305578691915404,2,0.46224864809869387,75.29103430609342,0.9139249064790756,0.3985533875440051,1.5372381210327148,0.35973937648018656,0.4567435265521689,0.21246943490894127,15.708033624286054,2,0.25
0,Real,Real18,black-tophat,/home/azhar/azhar/kyc/pad/Presentation-Attack-detection-using-image-preprocessing/Real/Real18.jpg,/home/azhar/azhar/kyc/pad/Presentation-Attack-detection-using-image-preprocessing/autocorr-pipeline_output/Real/Real18/black-tophat-enhanced.png,/home/azhar/azhar/kyc/pad/Presentation-Attack-detection-using-image-preprocessing/autocorr-pipeline_output/Real/Real18/black-tophat-result.png,0.914168555682874,4,1016.0706550945941,0.1928887114485681,5,0.9001576960116843,2,454.9975950446186,0.2603500047216772,2,0.459374567903699,74.23010502494631,0.9141590340324778,0.39784484815606125,1.5117976665496826,0.3631663142260869,0.4468318735683458,0.20036567578433864,15.49274396774022,2,0.25
0,Real,Real18,reconstruction,/home/azhar/azhar/kyc/pad/Presentation-Attack-detection-using-image-preprocessing/Real/Real18.jpg,/home/azhar/azhar/kyc/pad/Presentation-Attack-detection-using-image-preprocessing/autocorr-pipeline_output/Real/Real18/reconstruction-enhanced.png,/home/azhar/azhar/kyc/pad/Presentation-Attack-detection-using-image-preprocessing/autocorr-pipeline_output/Real/Real18/reconstruction-result.png,0.9707413631343935,2,6014.176097929472,0.16625978193941957,5,0.8852138990489627,2,511.33202595673566,0.20764485397328067,4,0.40453982080854817,82.42475052206107,0.9156494061814273,0.4008045827302827,1.5956921577453613,0.40342594826029793,0.43752364578776876,0.20634969918306834,17.1346440303148,2,0.25
0,Real,Real18,granulometry,/home/azhar/azhar/kyc/pad/Presentation-Attack-detection-using-image-preprocessing/Real/Real18.jpg,/home/azhar/azhar/kyc/pad/Presentation-Attack-detection-using-image-preprocessing/autocorr-pipeline_output/Real/Real18/granulometry-enhanced.png,/home/azhar/azhar/kyc/pad/Presentation-Attack-detection-using-image-preprocessing/autocorr-pipeline_output/Real/Real18/granulometry-result.png,0.6717286506392517,2,132.1128350504964,0.17091650777414633,2,0.8240135608774939,2,413.2265341764085,0.14428042130330196,7,0.387687349190403,79.2102523895363,0.9131231088934941,0.392943314407184,1.782423734664917,0.4428392245492612,0.44278900519765235,0.23591579932522977,16.503334031723497,2,0.25
0,Real,Real19,white-tophat,/home/azhar/azhar/kyc/pad/Presentation-Attack-detection-using-image-preprocessing/Real/Real19.jpg,/home/azhar/azhar/kyc/pad/Presentation-Attack-detection-using-image-preprocessing/autocorr-pipeline_output/Real/Real19/white-tophat-enhanced.png,/home/azhar/azhar/kyc/pad/Presentation-Attack-detection-using-image-preprocessing/autocorr-pipeline_output/Real/Real19/white-tophat-result.png,0.8350435713622492,2,1274.7547766042933,0.0686172880389227,2,0.432684166179302,2,143.1255776261946,0.07323287450565663,2,0.35871833776458484,93.93230295996325,0.9112749501066689,0.3806493966240877,1.662794589996338,0.3827657792388951,0.23108840396427344,0.7365036972582132,19.2808781993309,2,0.25
0,Real,Real19,black-tophat,/home/azhar/azhar/kyc/pad/Presentation-Attack-detection-using-image-preprocessing/Real/Real19.jpg,/home/azhar/azhar/kyc/pad/Presentation-Attack-detection-using-image-preprocessing/autocorr-pipeline_output/Real/Real19/black-tophat-enhanced.png,/home/azhar/azhar/kyc/pad/Presentation-Attack-detection-using-image-preprocessing/autocorr-pipeline_output/Real/Real19/black-tophat-result.png,0.9517028318051582,2,7797.679583775693,0.14743323497034075,5,0.4804031977884255,2,120.11920005815281,0.07937821284189059,2,0.3836017896688765,98.6680530933271,0.9070829101126404,0.3788660156008243,1.4659883975982666,0.36585181223724345,0.3167355987966241,0.778481428521315,20.223428847195414,2,0.25
0,Real,Real19,reconstruction,/home/azhar/azhar/kyc/pad/Presentation-Attack-detection-using-image-preprocessing/Real/Real19.jpg,/home/azhar/azhar/kyc/pad/Presentation-Attack-detection-using-image-preprocessing/autocorr-pipeline_output/Real/Real19/reconstruction-enhanced.png,/home/azhar/azhar/kyc/pad/Presentation-Attack-detection-using-image-preprocessing/autocorr-pipeline_output/Real/Real19/reconstruction-result.png,0.980096464002905,2,30682.089243313058,0.168189208622446,2,0.5522030893886632,2,194.89978315926146,0.09097552038842543,2,0.3654136664520786,113.1932622203244,0.9041167345208592,0.3616375554239084,1.9968228340148926,0.43727258358586024,0.28039821553024785,0.7639371303922926,23.230415925863138,2,0.25
0,Real,Real19,granulometry,/home/azhar/azhar/kyc/pad/Presentation-Attack-detection-using-image-preprocessing/Real/Real19.jpg,/home/azhar/azhar/kyc/pad/Presentation-Attack-detection-using-image-preprocessing/autocorr-pipeline_output/Real/Real19/granulometry-enhanced.png,/home/azhar/azhar/kyc/pad/Presentation-Attack-detection-using-image-preprocessing/autocorr-pipeline_output/Real/Real19/granulometry-result.png,0.7790111001094161,2,177.9586892684993,0.1926261422958639,2,0.4576194848727988,2,75.82988117189672,0.024819882967560866,6,0.35471519017660574,119.7615710935635,0.8952784692238992,0.3375101018502489,2.0712530612945557,0.5210921136887412,0.1656935304374549,0.6753518183936623,24.52217386630783,2,0.25
0,Real,Real20,white-tophat,/home/azhar/azhar/kyc/pad/Presentation-Attack-detection-using-image-preprocessing/Real/Real20.jpg,/home/azhar/azhar/kyc/pad/Presentation-Attack-detection-using-image-preprocessing/autocorr-pipeline_output/Real/Real20/white-tophat-enhanced.png,/home/azhar/azhar/kyc/pad/Presentation-Attack-detection-using-image-preprocessing/autocorr-pipeline_output/Real/Real20/white-tophat-result.png,0.9389224489608231,2,4172.328832465449,0.14967987231472124,2,0.5552246955530653,4,241.5204550952357,0.06507280823491851,4,0.4354481994853603,76.32792762502281,0.9188657010426161,0.417490529589511,1.2731255292892456,0.35590157596497546,0.3080162473886841,0.8805670229228032,15.75483077532204,2,0.25
0,Real,Real20,black-tophat,/home/azhar/azhar/kyc/pad/Presentation-Attack-detection-using-image-preprocessing/Real/Real20.jpg,/home/azhar/azhar/kyc/pad/Presentation-Attack-detection-using-image-preprocessing/autocorr-pipeline_output/Real/Real20/black-tophat-enhanced.png,/home/azhar/azhar/kyc/pad/Presentation-Attack-detection-using-image-preprocessing/autocorr-pipeline_output/Real/Real20/black-tophat-result.png,0.8788167305316646,2,1832.9745412474701,0.13046230720343105,5,0.5191000067375483,2,194.4086829466832,0.03673715708860697,2,0.450702483368232,80.96552301457528,0.9162028464014866,0.40694595513953946,1.2615406513214111,0.3549735176424368,0.30614890813588785,0.8712737618370504,16.671783317717598,2,0.25
0,Real,Real20,reconstruction,/home/azhar/azhar/kyc/pad/Presentation-Attack-detection-using-image-preprocessing/Real/Real20.jpg,/home/azhar/azhar/kyc/pad/Presentation-Attack-detection-using-image-preprocessing/autocorr-pipeline_output/Real/Real20/reconstruction-enhanced.png,/home/azhar/azhar/kyc/pad/Presentation-Attack-detection-using-image-preprocessing/autocorr-pipeline_output/Real/Real20/reconstruction-result.png,0.9737669978286221,2,9523.083101630282,0.2720098574998077,2,0.5345553144467522,2,174.8166659986713,0.04787304921860881,4,0.4013989962105708,77.32250546038057,0.9178596681391029,0.409169605775197,1.4864267110824585,0.3702044286065009,0.2823382935736667,0.8693167602994122,15.97329581472211,2,0.25
0,Real,Real20,granulometry,/home/azhar/azhar/kyc/pad/Presentation-Attack-detection-using-image-preprocessing/Real/Real20.jpg,/home/azhar/azhar/kyc/pad/Presentation-Attack-detection-using-image-preprocessing/autocorr-pipeline_output/Real/Real20/granulometry-enhanced.png,/home/azhar/azhar/kyc/pad/Presentation-Attack-detection-using-image-preprocessing/autocorr-pipeline_output/Real/Real20/granulometry-result.png,0.8683705187593073,2,1614.1481416455563,0.15139962614990649,2,0.6170477731921105,2,234.4139271032983,0.11507959719293731,2,0.390451870185279,52.31093119222982,0.9247910912623469,0.4313553714960785,1.8853942155838013,0.46724822534887467,0.31587124463797145,0.9212494873952792,11.066989430267647,2,0.25
1,Fake,Fake11,white-tophat,/home/azhar/azhar/kyc/pad/Presentation-Attack-detection-using-image-preprocessing/Fake/Fake11.jpg,/home/azhar/azhar/kyc/pad/Presentation-Attack-detection-using-image-preprocessing/autocorr-pipeline_output/Fake/Fake11/white-tophat-enhanced.png,/home/azhar/azhar/kyc/pad/Presentation-Attack-detection-using-image-preprocessing/autocorr-pipeline_output/Fake/Fake11/white-tophat-result.png,0.6651045822310286,2,268.15225051306726,0.1750612168066773,2,0.5529649815062597,8,202.36866400343823,0.10175404704335128,8,0.557289997430094,210.1528974855004,0.8609083127759408,0.27782293639927697,2.0130910873413086,0.35474970480138573,0.8840345160240369,0.6404717372659412,42.705904576350214,2,0.25
1,Fake,Fake11,black-tophat,/home/azhar/azhar/kyc/pad/Presentation-Attack-detection-using-image-preprocessing/Fake/Fake11.jpg,/home/azhar/azhar/kyc/pad/Presentation-Attack-detection-using-image-preprocessing/autocorr-pipeline_output/Fake/Fake11/black-tophat-enhanced.png,/home/azhar/azhar/kyc/pad/Presentation-Attack-detection-using-image-preprocessing/autocorr-pipeline_output/Fake/Fake11/black-tophat-result.png,0.736592864243386,2,164.90594550892533,0.2565841918683076,2,0.5471534640617863,8,186.87002819550813,0.0709690764282123,8,0.5801999428960412,254.83458562848008,0.8511716694943281,0.2627471056150972,2.1235432624816895,0.35871223022215887,0.8852222739765598,0.47667443992657177,51.661018096141085,2,0.25
1,Fake,Fake11,reconstruction,/home/azhar/azhar/kyc/pad/Presentation-Attack-detection-using-image-preprocessing/Fake/Fake11.jpg,/home/azhar/azhar/kyc/pad/Presentation-Attack-detection-using-image-preprocessing/autocorr-pipeline_output/Fake/Fake11/reconstruction-enhanced.png,/home/azhar/azhar/kyc/pad/Presentation-Attack-detection-using-image-preprocessing/autocorr-pipeline_output/Fake/Fake11/reconstruction-result.png,0.9414310206328992,2,2054.081741257133,0.41823747497795843,2,0.3783457438892679,2,95.83057177565036,0.024506425442369573,2,0.4772797171454558,158.67275495812174,0.87680317871585,0.29964395293000134,1.7934966087341309,0.3807759911402212,0.8551687569986568,0.3375283342331908,32.312265638486956,2,0.25
1,Fake,Fake11,granulometry,/home/azhar/azhar/kyc/pad/Presentation-Attack-detection-using-image-preprocessing/Fake/Fake11.jpg,/home/azhar/azhar/kyc/pad/Presentation-Attack-detection-using-image-preprocessing/autocorr-pipeline_output/Fake/Fake11/granulometry-enhanced.png,/home/azhar/azhar/kyc/pad/Presentation-Attack-detection-using-image-preprocessing/autocorr-pipeline_output/Fake/Fake11/granulometry-result.png,0.44970006734227447,2,140.1724724617049,0.058924750889315924,2,0.13951120953932833,55,25.26468335575126,0.005604538889326292,11,0.19425356997813117,40.1593664090522,0.9337191810804264,0.45843491767339006,1.5110712051391602,0.4322626828755497,0.7428124883914026,0.4219012588699597,8.447032878066526,2,0.25
1,Fake,Fake12,white-tophat,/home/azhar/azhar/kyc/pad/Presentation-Attack-detection-using-image-preprocessing/Fake/Fake12.jpg,/home/azhar/azhar/kyc/pad/Presentation-Attack-detection-using-image-preprocessing/autocorr-pipeline_output/Fake/Fake12/white-tophat-enhanced.png,/home/azhar/azhar/kyc/pad/Presentation-Attack-detection-using-image-preprocessing/autocorr-pipeline_output/Fake/Fake12/white-tophat-result.png,0.47762121065611945,2,89.70769606140466,0.07182592936030655,2,0.23575873858556023,4,41.917455652592835,0.02684839416312012,79,0.333458051613031,39.3170008826952,0.9381297658607084,0.47165018794491187,1.3369873762130737,0.32541001437499234,0.8662104325663786,0.5234248659857238,8.303856656982761,2,0.25
1,Fake,Fake12,black-tophat,/home/azhar/azhar/kyc/pad/Presentation-Attack-detection-using-image-preprocessing/Fake/Fake12.jpg,/home/azhar/azhar/kyc/pad/Presentation-Attack-detection-using-image-preprocessing/autocorr-pipeline_output/Fake/Fake12/black-tophat-enhanced.png,/home/azhar/azhar/kyc/pad/Presentation-Attack-detection-using-image-preprocessing/autocorr-pipeline_output/Fake/Fake12/black-tophat-result.png,0.5509322245059213,2,152.01427195830055,0.09413262997587576,3,0.22470144910749795,4,39.380272307899574,0.0243658497026856,79,0.3191454439364259,39.21091988694197,0.9393945005732565,0.4767127339354842,1.3808584213256836,0.32284723342014393,0.8596226986676668,0.5275656922149542,8.282841985118742,2,0.25
1,Fake,Fake12,reconstruction,/home/azhar/azhar/kyc/pad/Presentation-Attack-detection-using-image-preprocessing/Fake/Fake12.jpg,/home/azhar/azhar/kyc/pad/Presentation-Attack-detection-using-image-preprocessing/autocorr-pipeline_output/Fake/Fake12/reconstruction-enhanced.png,/home/azhar/azhar/kyc/pad/Presentation-Attack-detection-using-image-preprocessing/autocorr-pipeline_output/Fake/Fake12/reconstruction-result.png,0.9884020615854464,2,43067.44270963932,0.17629943167734718,2,0.3237555072349006,4,85.31206244259442,0.037463032988778205,4,0.29293911287970675,45.492476270004246,0.9292360669181899,0.43513682470131837,1.3910390138626099,0.3559333395323991,0.8102882698196914,0.6075685045653597,9.564840786117879,2,0.25
1,Fake,Fake12,granulometry,/home/azhar/azhar/kyc/pad/Presentation-Attack-detection-using-image-preprocessing/Fake/Fake12.jpg,/home/azhar/azhar/kyc/pad/Presentation-Attack-detection-using-image-preprocessing/autocorr-pipeline_output/Fake/Fake12/granulometry-enhanced.png,/home/azhar/azhar/kyc/pad/Presentation-Attack-detection-using-image-preprocessing/autocorr-pipeline_output/Fake/Fake12/granulometry-result.png,0.4576143451529067,2,71.01740785567526,0.06415363012289721,2,0.1890632649308878,4,38.878313801806605,0.011499132239163563,74,0.19224574324003882,39.01378551835899,0.933737934580095,0.4525693984868896,1.5086991786956787,0.41692653467483265,0.7863013848244,0.5419999764903178,8.234940613391348,2,0.25
1,Fake,Fake13,white-tophat,/home/azhar/azhar/kyc/pad/Presentation-Attack-detection-using-image-preprocessing/Fake/Fake13.jpg,/home/azhar/azhar/kyc/pad/Presentation-Attack-detection-using-image-preprocessing/autocorr-pipeline_output/Fake/Fake13/white-tophat-enhanced.png,/home/azhar/azhar/kyc/pad/Presentation-Attack-detection-using-image-preprocessing/autocorr-pipeline_output/Fake/Fake13/white-tophat-result.png,0.7640070119952509,2,489.2872407567298,0.1896742952441953,2,0.27464476140045313,2,51.572410660359274,0.03582688358896816,22,0.26406640326199465,88.1874550429118,0.9095585769396611,0.3797031389594891,1.6086727380752563,0.385874922486586,0.39299631028317117,0.2575177154387451,18.078682431480058,2,0.25
1,Fake,Fake13,black-tophat,/home/azhar/azhar/kyc/pad/Presentation-Attack-detection-using-image-preprocessing/Fake/Fake13.jpg,/home/azhar/azhar/kyc/pad/Presentation-Attack-detection-using-image-preprocessing/autocorr-pipeline_output/Fake/Fake13/black-tophat-enhanced.png,/home/azhar/azhar/kyc/pad/Presentation-Attack-detection-using-image-preprocessing/autocorr-pipeline_output/Fake/Fake13/black-tophat-result.png,0.8608675966768952,2,1137.3460672120298,0.17924805614041617,2,0.2911537033477292,2,36.30287451985562,0.011146844385558408,3,0.3465637098365156,169.34129059493813,0.8793475939329795,0.3224336816661493,2.0056498050689697,0.3787813087239072,0.5426250310963198,0.04863826140613421,34.40057689120979,2,0.25
1,Fake,Fake13,reconstruction,/home/azhar/azhar/kyc/pad/Presentation-Attack-detection-using-image-preprocessing/Fake/Fake13.jpg,/home/azhar/azhar/kyc/pad/Presentation-Attack-detection-using-image-preprocessing/autocorr-pipeline_output/Fake/Fake13/reconstruction-enhanced.png,/home/azhar/azhar/kyc/pad/Presentation-Attack-detection-using-image-preprocessing/autocorr-pipeline_output/Fake/Fake13/reconstruction-result.png,0.9641788355112747,2,15853.836387028452,0.19774515831357206,2,0.3829162625288215,2,38.304194079084546,0.0384744451232754,4,0.2827435843171672,137.1773770800261,0.886390549516326,0.3232277505711909,1.925890564918518,0.38070208501782266,0.45355516715266114,0.0339631283073057,27.965071142366266,2,0.25
1,Fake,Fake13,granulometry,/home/azhar/azhar/kyc/pad/Presentation-Attack-detection-using-image-preprocessing/Fake/Fake13.jpg,/home/azhar/azhar/kyc/pad/Presentation-Attack-detection-using-image-preprocessing/autocorr-pipeline_output/Fake/Fake13/granulometry-enhanced.png,/home/azhar/azhar/kyc/pad/Presentation-Attack-detection-using-image-preprocessing/autocorr-pipeline_output/Fake/Fake13/granulometry-result.png,0.5644589265123606,2,142.8237933521691,0.07376185265179652,2,0.3051258049105608,3,25.136542735885318,0.09454321329524805,3,0.1755022691851771,59.96053432526333,0.9298445378173771,0.44919139808203556,1.6512558460235596,0.39829520229171467,0.4333099860293273,0.3661258103382897,12.440818842639251,2,0.25
1,Fake,Fake14,white-tophat,/home/azhar/azhar/kyc/pad/Presentation-Attack-detection-using-image-preprocessing/Fake/Fake14.jpg,/home/azhar/azhar/kyc/pad/Presentation-Attack-detection-using-image-preprocessing/autocorr-pipeline_output/Fake/Fake14/white-tophat-enhanced.png,/home/azhar/azhar/kyc/pad/Presentation-Attack-detection-using-image-preprocessing/autocorr-pipeline_output/Fake/Fake14/white-tophat-result.png,0.6072759942714531,2,134.38733316895969,0.056985574043531745,2,0.20739975587385678,2,30.00275180593712,0.025601497094524854,74,0.2815081513498631,76.7806271396373,0.9197246160338232,0.42032444632257604,1.284875750541687,0.3561022333038985,0.8237083430213811,0.6482562283027821,15.771283997605877,2,0.25
1,Fake,Fake14,black-tophat,/home/azhar/azhar/kyc/pad/Presentation-Attack-detection-using-image-preprocessing/Fake/Fake14.jpg,/home/azhar/azhar/kyc/pad/Presentation-Attack-detection-using-image-preprocessing/autocorr-pipeline_output/Fake/Fake14/black-tophat-enhanced.png,/home/azhar/azhar/kyc/pad/Presentation-Attack-detection-using-image-preprocessing/autocorr-pipeline_output/Fake/Fake14/black-tophat-result.png,0.6960755049635413,2,176.05375757626433,0.1460489580267005,2,0.19212218377324344,3,21.521035476842872,0.0033907118844932124,41,0.28768365491336034,77.90340366935503,0.9211049880922487,0.4177346639154212,1.293638825416565,0.3575220005271041,0.8217252668614021,0.66465803454381,15.993440487791316,2,0.25
1,Fake,Fake14,reconstruction,/home/azhar/azhar/kyc/pad/Presentation-Attack-detection-using-image-preprocessing/Fake/Fake14.jpg,/home/azhar/azhar/kyc/pad/Presentation-Attack-detection-using-image-preprocessing/autocorr-pipeline_output/Fake/Fake14/reconstruction-enhanced.png,/home/azhar/azhar/kyc/pad/Presentation-Attack-detection-using-image-preprocessing/autocorr-pipeline_output/Fake/Fake14/reconstruction-result.png,0.9380988224045531,2,3369.3815564648135,0.16940898125419313,2,0.18607138496015346,5,20.26393883027385,0.02684433703007818,96,0.3055541828981737,86.63383872057189,0.9153368537517381,0.39499975396705667,1.3677961826324463,0.3854925019504449,0.7890247166926939,0.7022185677590564,17.75104343629633,2,0.25
1,Fake,Fake14,granulometry,/home/azhar/azhar/kyc/pad/Presentation-Attack-detection-using-image-preprocessing/Fake/Fake14.jpg,/home/azhar/azhar/kyc/pad/Presentation-Attack-detection-using-image-preprocessing/autocorr-pipeline_output/Fake/Fake14/granulometry-enhanced.png,/home/azhar/azhar/kyc/pad/Presentation-Attack-detection-using-image-preprocessing/autocorr-pipeline_output/Fake/Fake14/granulometry-result.png,0.3949388657849195,2,55.82980270670522,-0.003541387463803631,107,0.25770184586351325,2,26.336250673722752,0.015927767026155597,2,0.2151952738333511,57.053040513555885,0.9270365087943573,0.4400578739951921,1.5408304929733276,0.4037462009142847,0.7228059336956428,0.6967852201353438,11.863977734952227,2,0.25
1,Fake,Fake15,white-tophat,/home/azhar/azhar/kyc/pad/Presentation-Attack-detection-using-image-preprocessing/Fake/Fake15.jpg,/home/azhar/azhar/kyc/pad/Presentation-Attack-detection-using-image-preprocessing/autocorr-pipeline_output/Fake/Fake15/white-tophat-enhanced.png,/home/azhar/azhar/kyc/pad/Presentation-Attack-detection-using-image-preprocessing/autocorr-pipeline_output/Fake/Fake15/white-tophat-result.png,0.5028490628578607,2,126.47099395870178,0.01130488405850609,5,0.12709263896889156,72,12.955263831436914,0.038048803829165326,3,0.21332214138986935,176.75415913881386,0.9072419954539835,0.42467314463496003,1.3031373023986816,0.3676802846124623,0.8538012113481747,0.17931951809577312,35.738576685617794,2,0.25
1,Fake,Fake15,black-tophat,/home/azhar/azhar/kyc/pad/Presentation-Attack-detection-using-image-preprocessing/Fake/Fake15.jpg,/home/azhar/azhar/kyc/pad/Presentation-Attack-detection-using-image-preprocessing/autocorr-pipeline_output/Fake/Fake15/black-tophat-enhanced.png,/home/azhar/azhar/kyc/pad/Presentation-Attack-detection-using-image-preprocessing/autocorr-pipeline_output/Fake/Fake15/black-tophat-result.png,0.6703200712261513,2,617.0921233982472,0.058387766051592425,2,0.1180356640872186,82,11.897955898166801,0.020656426300958302,124,0.2909803258857203,251.31383619092685,0.8708879694507323,0.3111653249550193,1.4613144397735596,0.3975429523837372,0.6951139869771445,0.099308541954556,50.67028784619653,2,0.25
1,Fake,Fake15,reconstruction,/home/azhar/azhar/kyc/pad/Presentation-Attack-detection-using-image-preprocessing/Fake/Fake15.jpg,/home/azhar/azhar/kyc/pad/Presentation-Attack-detection-using-image-preprocessing/autocorr-pipeline_output/Fake/Fake15/reconstruction-enhanced.png,/home/azhar/azhar/kyc/pad/Presentation-Attack-detection-using-image-preprocessing/autocorr-pipeline_output/Fake/Fake15/reconstruction-result.png,0.9689991210817972,2,14515.181966888207,0.08228719842446844,2,0.14566568226409485,2,13.43071770766136,0.019685111075184777,117,0.2955028167884148,180.59408283382615,0.882981330889205,0.30635310269995425,1.5668566226959229,0.4400206640476587,0.6222398066947842,0.08545744031954954,36.54809623444135,2,0.25
1,Fake,Fake15,granulometry,/home/azhar/azhar/kyc/pad/Presentation-Attack-detection-using-image-preprocessing/Fake/Fake15.jpg,/home/azhar/azhar/kyc/pad/Presentation-Attack-detection-using-image-preprocessing/autocorr-pipeline_output/Fake/Fake15/granulometry-enhanced.png,/home/azhar/azhar/kyc/pad/Presentation-Attack-detection-using-image-preprocessing/autocorr-pipeline_output/Fake/Fake15/granulometry-result.png,0.4993457127469614,2,82.4340863775578,0.08678243654712683,2,0.25240281654841296,2,33.56204536823813,0.021584091887476432,17,0.15299641170900974,57.91526079252367,0.9319865472590089,0.4576596901264256,1.3879711627960205,0.42761939915344793,0.7646168080533232,0.15727209474352336,12.00914176036569,2,0.25
1,Fake,Fake16,white-tophat,/home/azhar/azhar/kyc/pad/Presentation-Attack-detection-using-image-preprocessing/Fake/Fake16.jpg,/home/azhar/azhar/kyc/pad/Presentation-Attack-detection-using-image-preprocessing/autocorr-pipeline_output/Fake/Fake16/white-tophat-enhanced.png,/home/azhar/azhar/kyc/pad/Presentation-Attack-detection-using-image-preprocessing/autocorr-pipeline_output/Fake/Fake16/white-tophat-result.png,0.9047951639400014,2,1521.4683510779557,0.07827735826835232,3,0.29729134052987227,2,96.60041104633655,0.011415414372798943,41,0.2954465791821246,69.1033398344226,0.9154747929611682,0.3964019122400862,1.3792147636413574,0.4185029406170439,0.4370701095613505,0.43316139872255643,14.246611875484843,2,0.25
1,Fake,Fake16,black-tophat,/home/azhar/azhar/kyc/pad/Presentation-Attack-detection-using-image-preprocessing/Fake/Fake16.jpg,/home/azhar/azhar/kyc/pad/Presentation-Attack-detection-using-image-preprocessing/autocorr-pipeline_output/Fake/Fake16/black-tophat-enhanced.png,/home/azhar/azhar/kyc/pad/Presentation-Attack-detection-using-image-preprocessing/autocorr-pipeline_output/Fake/Fake16/black-tophat-result.png,0.7304454560812337,2,274.05336951553727,0.10327503799844856,2,0.15802851774839327,2,17.165968331697904,0.003773995301243324,53,0.4688403026364907,232.32146821216213,0.8491706734131351,0.26284917929901613,1.6857223510742188,0.36612621614491847,0.5444234152720447,0.07208184722587294,46.92594155895526,2,0.25
1,Fake,Fake16,reconstruction,/home/azhar/azhar/kyc/pad/Presentation-Attack-detection-using-image-preprocessing/Fake/Fake16.jpg,/home/azhar/azhar/kyc/pad/Presentation-Attack-detection-using-image-preprocessing/autocorr-pipeline_output/Fake/Fake16/reconstruction-enhanced.png,/home/azhar/azhar/kyc/pad/Presentation-Attack-detection-using-image-preprocessing/autocorr-pipeline_output/Fake/Fake16/reconstruction-result.png,0.9786947580294434,2,10703.326090294502,0.19386923588015328,2,0.23991371337192122,2,15.17456148260568,-0.013180358625688168,61,0.4310199166154486,180.45518834428668,0.8629553597207127,0.2765694977694055,1.7477697134017944,0.38041699767005965,0.5725289263611033,0.06356856510785291,36.58512481977461,2,0.25
1,Fake,Fake16,granulometry,/home/azhar/azhar/kyc/pad/Presentation-Attack-detection-using-image-preprocessing/Fake/Fake16.jpg,/home/azhar/azhar/kyc/pad/Presentation-Attack-detection-using-image-preprocessing/autocorr-pipeline_output/Fake/Fake16/granulometry-enhanced.png,/home/azhar/azhar/kyc/pad/Presentation-Attack-detection-using-image-preprocessing/autocorr-pipeline_output/Fake/Fake16/granulometry-result.png,0.8725908705208102,2,1232.4810522008286,0.108080257898923,2,0.3473856680463233,2,89.04976970201992,0.009537709144434817,78,0.2670959230444831,53.73785547822772,0.9237577118723653,0.4251100076077276,1.5635391473770142,0.45323576322522646,0.36874551802055877,0.4385606454681044,11.208580184747245,2,0.25
1,Fake,Fake17,white-tophat,/home/azhar/azhar/kyc/pad/Presentation-Attack-detection-using-image-preprocessing/Fake/Fake17.jpg,/home/azhar/azhar/kyc/pad/Presentation-Attack-detection-using-image-preprocessing/autocorr-pipeline_output/Fake/Fake17/white-tophat-enhanced.png,/home/azhar/azhar/kyc/pad/Presentation-Attack-detection-using-image-preprocessing/autocorr-pipeline_output/Fake/Fake17/white-tophat-result.png,0.8709486301015392,2,1465.8075326858084,0.0938687551215193,3,0.50826196744254,9,223.33874823823612,0.049686492650030264,9,0.33176546084017594,130.08613385570092,0.8921642370427391,0.34840331177956135,1.6189969778060913,0.3768657054560488,0.20085510405492435,0.45648748893266367,26.520091808120988,2,0.25
1,Fake,Fake17,black-tophat,/home/azhar/azhar/kyc/pad/Presentation-Attack-detection-using-image-preprocessing/Fake/Fake17.jpg,/home/azhar/azhar/kyc/pad/Presentation-Attack-detection-using-image-preprocessing/autocorr-pipeline_output/Fake/Fake17/black-tophat-enhanced.png,/home/azhar/azhar/kyc/pad/Presentation-Attack-detection-using-image-preprocessing/autocorr-pipeline_output/Fake/Fake17/black-tophat-result.png,0.764360222182073,2,972.6297528397805,0.07491082829260325,3,0.4745446782048335,6,172.10919325051148,0.05799867559732794,6,0.3859541775346613,142.18310775630786,0.9046112425760273,0.3872830024275541,1.443297028541565,0.36987618424657603,0.2599297036531467,0.804353156195388,28.916353224424427,2,0.25
1,Fake,Fake17,reconstruction,/home/azhar/azhar/kyc/pad/Presentation-Attack-detection-using-image-preprocessing/Fake/Fake17.jpg,/home/azhar/azhar/kyc/pad/Presentation-Attack-detection-using-image-preprocessing/autocorr-pipeline_output/Fake/Fake17/reconstruction-enhanced.png,/home/azhar/azhar/kyc/pad/Presentation-Attack-detection-using-image-preprocessing/autocorr-pipeline_output/Fake/Fake17/reconstruction-result.png,0.9736030417335081,2,14649.157007626403,0.13023985296690097,3,0.4768149560793984,5,156.9093070650717,0.07227822501436981,5,0.3527480944656879,123.41185335589151,0.8996074906379076,0.35329400463975036,1.5163414478302002,0.3968971239347427,0.17463649340933354,0.5778155325963371,25.162931951080914,2,0.25
1,Fake,Fake17,granulometry,/home/azhar/azhar/kyc/pad/Presentation-Attack-detection-using-image-preprocessing/Fake/Fake17.jpg,/home/azhar/azhar/kyc/pad/Presentation-Attack-detection-using-image-preprocessing/autocorr-pipeline_output/Fake/Fake17/granulometry-enhanced.png,/home/azhar/azhar/kyc/pad/Presentation-Attack-detection-using-image-preprocessing/autocorr-pipeline_output/Fake/Fake17/granulometry-result.png,0.8721746692630602,2,1871.516413646605,0.22501707259037174,2,0.5427762896623964,2,151.00009978984477,0.08287655692098579,2,0.29158145529493695,104.70079627523423,0.909243950717335,0.39464207951114105,1.5788136720657349,0.4318773698409984,0.15609549046705912,0.7803269639913543,21.44234869708047,2,0.25
1,Fake,Fake18,white-tophat,/home/azhar/azhar/kyc/pad/Presentation-Attack-detection-using-image-preprocessing/Fake/Fake18.jpg,/home/azhar/azhar/kyc/pad/Presentation-Attack-detection-using-image-preprocessing/autocorr-pipeline_output/Fake/Fake18/white-tophat-enhanced.png,/home/azhar/azhar/kyc/pad/Presentation-Attack-detection-using-image-preprocessing/autocorr-pipeline_output/Fake/Fake18/white-tophat-result.png,0.5825338708349022,2,249.77554103036806,0.056330554284025745,6,0.2347322733229234,6,30.106696508192265,0.012602167983912484,6,0.3460468275325813,66.67940072485939,0.9258567568700105,0.4373613931509496,1.359017014503479,0.373794539772508,0.7398815145727196,0.4385810974269738,13.773427008708689,2,0.25
1,Fake,Fake18,black-tophat,/home/azhar/azhar/kyc/pad/Presentation-Attack-detection-using-image-preprocessing/Fake/Fake18.jpg,/home/azhar/azhar/kyc/pad/Presentation-Attack-detection-using-image-preprocessing/autocorr-pipeline_output/Fake/Fake18/black-tophat-enhanced.png,/home/azhar/azhar/kyc/pad/Presentation-Attack-detection-using-image-preprocessing/autocorr-pipeline_output/Fake/Fake18/black-tophat-result.png,0.6239802929532748,2,200.4384179024858,0.06703402480561774,2,0.26582123906241917,2,16.22216629272914,0.02565654940005367,60,0.3447413086242601,66.75269468978074,0.9222989405538676,0.4264181940972341,1.3413060903549194,0.37719756142951083,0.7295734410796495,0.39031555866814455,13.793869519772667,2,0.25
1,Fake,Fake18,reconstruction,/home/azhar/azhar/kyc/pad/Presentation-Attack-detection-using-image-preprocessing/Fake/Fake18.jpg,/home/azhar/azhar/kyc/pad/Presentation-Attack-detection-using-image-preprocessing/autocorr-pipeline_output/Fake/Fake18/reconstruction-enhanced.png,/home/azhar/azhar/kyc/pad/Presentation-Attack-detection-using-image-preprocessing/autocorr-pipeline_output/Fake/Fake18/reconstruction-result.png,0.9333049852219558,2,7512.99202817531,0.13670332554627662,2,0.31249915030961734,2,21.820914277356923,0.051960708203312764,2,0.3088586070766732,61.47047045709106,0.9190555340503872,0.4103603025975064,1.3440442085266113,0.38833137634505766,0.6409662714197445,0.427215403468893,12.738709023628072,2,0.25
1,Fake,Fake18,granulometry,/home/azhar/azhar/kyc/pad/Presentation-Attack-detection-using-image-preprocessing/Fake/Fake18.jpg,/home/azhar/azhar/kyc/pad/Presentation-Attack-detection-using-image-preprocessing/autocorr-pipeline_output/Fake/Fake18/granulometry-enhanced.png,/home/azhar/azhar/kyc/pad/Presentation-Attack-detection-using-image-preprocessing/autocorr-pipeline_output/Fake/Fake18/granulometry-result.png,0.4505215270071979,2,104.90089767309422,0.06808849691819852,2,0.12348921832154555,2,17.85150504132322,-0.0065770453418261925,12,0.3231009594793529,55.29796471996804,0.9301289748191844,0.45195609230595296,1.4042694568634033,0.3996192083513928,0.6517385583009442,0.35116884705288925,11.46088104860672,2,0.25
1,Fake,Fake19,white-tophat,/home/azhar/azhar/kyc/pad/Presentation-Attack-detection-using-image-preprocessing/Fake/Fake19.jpg,/home/azhar/azhar/kyc/pad/Presentation-Attack-detection-using-image-preprocessing/autocorr-pipeline_output/Fake/Fake19/white-tophat-enhanced.png,/home/azhar/azhar/kyc/pad/Presentation-Attack-detection-using-image-preprocessing/autocorr-pipeline_output/Fake/Fake19/white-tophat-result.png,0.9430022607146986,2,8369.808024339345,0.22987448958223985,2,0.3457859802028865,2,115.17660748983629,0.016956929562318458,25,0.3285796320012191,102.6639063276123,0.8975424763649056,0.33024882020247337,1.9169621467590332,0.47839270302279474,0.16340649039206903,0.21400998490265036,21.03752824573885,2,0.25
1,Fake,Fake19,black-tophat,/home/azhar/azhar/kyc/pad/Presentation-Attack-detection-using-image-preprocessing/Fake/Fake19.jpg,/home/azhar/azhar/kyc/pad/Presentation-Attack-detection-using-image-preprocessing/autocorr-pipeline_output/Fake/Fake19/black-tophat-enhanced.png,/home/azhar/azhar/kyc/pad/Presentation-Attack-detection-using-image-preprocessing/autocorr-pipeline_output/Fake/Fake19/black-tophat-result.png,0.9121023702754539,2,4528.146089530474,0.12857032604459562,2,0.4792959059476097,2,149.21050621167433,0.07608543677509647,2,0.3250443350428632,92.7435311092893,0.9077854022822484,0.3644450410560269,1.813066840171814,0.4638116953475917,0.19856390202248134,0.7416677488778555,19.07944922966135,2,0.25
1,Fake,Fake19,reconstruction,/home/azhar/azhar/kyc/pad/Presentation-Attack-detection-using-image-preprocessing/Fake/Fake19.jpg,/home/azhar/azhar/kyc/pad/Presentation-Attack-detection-using-image-preprocessing/autocorr-pipeline_output/Fake/Fake19/reconstruction-enhanced.png,/home/azhar/azhar/kyc/pad/Presentation-Attack-detection-using-image-preprocessing/autocorr-pipeline_output/Fake/Fake19/reconstruction-result.png,0.9865192274512289,2,178013.70078226138,0.26322377083807175,2,0.6412308955257219,2,220.78665024651139,0.13421972368478885,2,0.38955380548497165,144.85182116315988,0.8870841866626196,0.31270216852457894,2.244676351547241,0.5388807922561298,0.21022596958748732,0.3493709946917671,29.632778701028887,2,0.25
1,Fake,Fake19,granulometry,/home/azhar/azhar/kyc/pad/Presentation-Attack-detection-using-image-preprocessing/Fake/Fake19.jpg,/home/azhar/azhar/kyc/pad/Presentation-Attack-detection-using-image-preprocessing/autocorr-pipeline_output/Fake/Fake19/granulometry-enhanced.png,/home/azhar/azhar/kyc/pad/Presentation-Attack-detection-using-image-preprocessing/autocorr-pipeline_output/Fake/Fake19/granulometry-result.png,0.8887624417829407,2,2120.6612904852277,0.2356319946688297,2,0.6210055153383892,2,253.8407173188611,0.06916510053861596,2,0.31342588233833685,109.02888486394419,0.8998868500672614,0.35614528317707667,2.1237998008728027,0.48449189801333103,0.1612240502846398,0.5925012754939551,22.422234074701823,2,0.25
1,Fake,Fake20,white-tophat,/home/azhar/azhar/kyc/pad/Presentation-Attack-detection-using-image-preprocessing/Fake/Fake20.jpg,/home/azhar/azhar/kyc/pad/Presentation-Attack-detection-using-image-preprocessing/autocorr-pipeline_output/Fake/Fake20/white-tophat-enhanced.png,/home/azhar/azhar/kyc/pad/Presentation-Attack-detection-using-image-preprocessing/autocorr-pipeline_output/Fake/Fake20/white-tophat-result.png,0.8947631739398204,2,1378.156056033846,0.13014443768122297,2,0.3634551159602993,7,90.98378512210905,0.07698072372462134,6,0.3595036948260603,71.47820731262493,0.9224728491081897,0.4354349863496576,1.3666189908981323,0.380134534364044,0.3566765159304613,0.9086473419373333,14.737277505201156,2,0.25
1,Fake,Fake20,black-tophat,/home/azhar/azhar/kyc/pad/Presentation-Attack-detection-using-image-preprocessing/Fake/Fake20.jpg,/home/azhar/azhar/kyc/pad/Presentation-Attack-detection-using-image-preprocessing/autocorr-pipeline_output/Fake/Fake20/black-tophat-enhanced.png,/home/azhar/azhar/kyc/pad/Presentation-Attack-detection-using-image-preprocessing/autocorr-pipeline_output/Fake/Fake20/black-tophat-result.png,0.8441039527836149,2,1033.6060618315637,0.1526227345361327,2,0.3185801712888471,2,69.6668598095466,0.033487792171414524,7,0.3681425866381696,80.55966349319242,0.9205376228861497,0.4301369009521514,1.3707109689712524,0.3828664959625585,0.3641216810813856,0.9059186496563483,16.54303360107095,2,0.25
1,Fake,Fake20,reconstruction,/home/azhar/azhar/kyc/pad/Presentation-Attack-detection-using-image-preprocessing/Fake/Fake20.jpg,/home/azhar/azhar/kyc/pad/Presentation-Attack-detection-using-image-preprocessing/autocorr-pipeline_output/Fake/Fake20/reconstruction-enhanced.png,/home/azhar/azhar/kyc/pad/Presentation-Attack-detection-using-image-preprocessing/autocorr-pipeline_output/Fake/Fake20/reconstruction-result.png,0.9803976509067934,2,14814.05862244414,0.2668399236101764,2,0.3723524878058919,2,85.75554811311862,0.06258463462074196,2,0.3216372506765448,68.17678596440751,0.9211198845683911,0.4243179761045373,1.5249184370040894,0.37630935669319593,0.37361698115414094,0.9098252600508693,14.0990389261601,2,0.25
1,Fake,Fake20,granulometry,/home/azhar/azhar/kyc/pad/Presentation-Attack-detection-using-image-preprocessing/Fake/Fake20.jpg,/home/azhar/azhar/kyc/pad/Presentation-Attack-detection-using-image-preprocessing/autocorr-pipeline_output/Fake/Fake20/granulometry-enhanced.png,/home/azhar/azhar/kyc/pad/Presentation-Attack-detection-using-image-preprocessing/autocorr-pipeline_output/Fake/Fake20/granulometry-result.png,0.7375456916290262,2,363.5409302868706,0.17355726290506016,2,0.3959798483665303,2,69.5262988224002,0.03298143111005657,3,0.37285507252982575,47.3097684618573,0.9284341727615892,0.45135609128592385,1.748071312904358,0.4672873707840132,0.31710119791020264,0.9316202192519041,9.97732546156597,2,0.25
